browser,ua,first,last
Chrome,"Mozilla/5.0 (Windows NT 11.0; Win64; x64) AppleWebKit/537.36 (KHTML, like Gecko) Chrome/134.0.6998.166 Safari/537.36",2025-04-24 08:04:00,2026-01-06 07:54:00
Chrome,"Mozilla/5.0 (Windows 7 Enterprise; x64) AppleWebKit/537.36 (KHTML, like Gecko) Chrome/122.0.6099.71 Safari/537.36",2025-04-25 04:55:00,2026-01-01 11:48:00
Chrome,"Mozilla/5.0 (Windows Server 2012 R2 Standard; x64) AppleWebKit/537.36 (KHTML, like Gecko) Chrome/118.0.5975.80 Safari/537.36",2025-04-24 02:44:00,2025-09-07 05:14:00
Chrome,"Mozilla/5.0 (X11; Linux x86_64; CentOS Ubuntu 19.04) AppleWebKit/537.36 (KHTML, like Gecko) Chrome/118.0.5957.0 Safari/537.36",2025-04-23 10:24:00,2026-01-09 06:20:00
Chrome,"Mozilla/5.0 (Windows NT 10.0; WOW64; x64) AppleWebKit/537.36 (KHTML, like Gecko) Chrome/114.0.5756.197 Safari/537.36",2025-03-07 08:55:00,2025-12-26 05:23:00
Chrome,"Mozilla/5.0 (X11; Linux x86_64) AppleWebKit/537.36 (KHTML, like Gecko) Chrome/113.0.5672 Safari/537.36",2025-03-07 01:43:00,2025-12-13 04:32:00
Chrome,"Mozilla/5.0 (Windows NT 10.0; Win64; x64) AppleWebKit/537.36 (KHTML, like Gecko) Chrome/106.0.3713.147 Safari/537.36",2025-04-25 08:38:00,2026-01-08 03:56:00
Chrome,"Mozilla/5.0 (Macintosh; Intel Mac OS X 10_15_7) AppleWebKit/537.36 (KHTML, like Gecko) Chrome/104.0.5112.79 Safari/537.36",2022-08-10 12:40:00,2025-12-13 04:33:00
Chrome,"Mozilla/5.0 (Windows NT 10.0) AppleWebKit/537.36 (KHTML, like Gecko) Chrome/104.0.0.0 Safari/537.36",2022-08-10 09:18:00,2025-12-09 02:15:00
Chrome,"Mozilla/5.0 (Macintosh; Intel Mac OS X 10_14_6) AppleWebKit/537.36 (KHTML, like Gecko) Chrome/104.0.0.0 Safari/537.36",2022-08-09 04:46:00,2025-12-06 04:55:00
Chrome,"Mozilla/5.0 (X11; Linux x86_64) AppleWebKit/537.36 (KHTML, like Gecko) Chrome/103.0.5060.53 Safari/537.36",2022-08-10 11:50:00,2025-12-23 12:06:00
Chrome,"Mozilla/5.0 (Macintosh; Intel Mac OS X 10_15_3) AppleWebKit/537.36 (KHTML, like Gecko) Chrome/99.0.4844.84 Safari/537.36",2022-03-30 10:36:00,2025-06-18 05:05:00
Chrome,"Mozilla/5.0 (Windows NT 6.3; Win64; x64) AppleWebKit/537.36 (KHTML, like Gecko) Chrome/76.0.3208.186 Safari/537.36",2025-04-23 08:32:00,2025-12-07 01:51:00
Chrome,"Mozilla/5.0 (Windows NT 6.1; Win64; x64) AppleWebKit/537.36 (KHTML, like Gecko) Chrome/74.0.3837.131 Safari/537.36",2025-04-24 04:47:00,2025-12-06 08:16:00
Chrome,"Mozilla/5.0 (Windows NT 10.0; Win64; x64) AppleWebKit/537.36 (KHTML, like Gecko) Chrome/71.0.3602.191 Safari/537.36",2025-02-09 06:16:00,2026-01-08 03:57:00
Chrome,"Mozilla/5.0 (Windows NT 6.1; Win64; x64) AppleWebKit/537.36 (KHTML, like Gecko) Chrome/64.0.3285.174 Safari/537.36",2025-04-25 05:37:00,2025-11-16 09:55:00
Chrome,"Mozilla/5.0 (X11; Ubuntu; Linux x86_64) AppleWebKit/537.36 (KHTML, like Gecko) Chrome/55.0.2919.83 Safari/537.36",2020-03-17 11:33:00,2025-12-15 05:14:00
Chrome,"Mozilla/5.0 (Macintosh; Intel Mac OS X 10_8_3) AppleWebKit/537.36 (KHTML, like Gecko) Chrome/54.0.2866.71 Safari/537.36",2020-03-17 08:34:00,2024-12-16 04:14:00
Chrome,"Mozilla/5.0 (X11; Ubuntu; Linux i686 on x86_64) AppleWebKit/537.36 (KHTML, like Gecko) Chrome/53.0.2820.59 Safari/537.36",2020-04-11 04:35:00,2025-10-25 01:03:00
Chrome,"Mozilla/5.0 (Macintosh; Intel Mac OS X 10_9_2) AppleWebKit/537.36 (KHTML, like Gecko) Chrome/52.0.2762.73 Safari/537.36",2020-03-16 07:35:00,2024-11-12 06:52:00
Chrome,"Mozilla/5.0 (Macintosh; Intel Mac OS X 10_8_4) AppleWebKit/537.36 (KHTML, like Gecko) Chrome/49.0.2656.18 Safari/537.36",2020-04-11 04:35:00,2025-09-20 06:22:00
Chrome,Mozilla/5.0 (Windows NT 6.2; WOW64) AppleWebKit/537.36 (KHTML like Gecko) Chrome/44.0.2403.155 Safari/537.36,2018-10-24 01:30:00,2025-02-20 08:25:00
Chrome,"Mozilla/5.0 (Windows NT 6.1) AppleWebKit/537.36 (KHTML, like Gecko) Chrome/41.0.2228.0 Safari/537.36",2014-11-23 10:31:00,2026-01-03 05:11:00
Chrome,"Mozilla/5.0 (Macintosh; Intel Mac OS X 10_10_1) AppleWebKit/537.36 (KHTML, like Gecko) Chrome/41.0.2227.1 Safari/537.36",2014-11-23 04:50:00,2025-01-25 09:13:00
Chrome,"Mozilla/5.0 (X11; Linux x86_64) AppleWebKit/537.36 (KHTML, like Gecko) Chrome/41.0.2227.0 Safari/537.36",2014-11-22 07:28:00,2025-12-15 10:19:00
Chrome,"Mozilla/5.0 (Windows NT 6.1; WOW64) AppleWebKit/537.36 (KHTML, like Gecko) Chrome/41.0.2227.0 Safari/537.36",2014-11-22 02:18:00,2025-09-20 06:22:00
Chrome,"Mozilla/5.0 (Windows NT 6.3; WOW64) AppleWebKit/537.36 (KHTML, like Gecko) Chrome/41.0.2226.0 Safari/537.36",2014-11-23 12:42:00,2025-07-25 02:29:00
Chrome,"Mozilla/5.0 (Windows NT 6.4; WOW64) AppleWebKit/537.36 (KHTML, like Gecko) Chrome/41.0.2225.0 Safari/537.36",2014-11-22 02:14:00,2025-12-28 10:13:00
Chrome,"Mozilla/5.0 (Windows NT 6.3; WOW64) AppleWebKit/537.36 (KHTML, like Gecko) Chrome/41.0.2225.0 Safari/537.36",2014-11-21 03:22:00,2025-12-09 12:50:00
Chrome,"Mozilla/5.0 (Windows NT 5.1) AppleWebKit/537.36 (KHTML, like Gecko) Chrome/41.0.2224.3 Safari/537.36",2014-11-23 02:21:00,2025-12-29 10:06:00
Chrome,"Mozilla/5.0 (Windows NT 10.0) AppleWebKit/537.36 (KHTML, like Gecko) Chrome/40.0.2214.93 Safari/537.36",2015-09-27 07:11:00,2025-09-30 01:15:00
Chrome,"Mozilla/5.0 (Macintosh; Intel Mac OS X 10_10_1) AppleWebKit/537.36 (KHTML, like Gecko) Chrome/37.0.2062.124 Safari/537.36",2014-11-21 09:25:00,2025-10-20 02:14:00
Chrome,"Mozilla/5.0 (Windows NT 6.3; Win64; x64) AppleWebKit/537.36 (KHTML, like Gecko) Chrome/37.0.2049.0 Safari/537.36",2014-06-14 10:42:00,2026-01-10 12:49:00
Chrome,"Mozilla/5.0 (Windows NT 4.0; WOW64) AppleWebKit/537.36 (KHTML, like Gecko) Chrome/37.0.2049.0 Safari/537.36",2014-11-23 12:45:00,2026-01-01 06:16:00
Chrome,"Mozilla/5.0 (Windows NT 6.1; WOW64) AppleWebKit/537.36 (KHTML, like Gecko) Chrome/36.0.1985.67 Safari/537.36",2014-06-14 10:26:00,2025-03-27 06:28:00
Chrome,"Mozilla/5.0 (Windows NT 5.1) AppleWebKit/537.36 (KHTML, like Gecko) Chrome/36.0.1985.67 Safari/537.36",2014-06-13 10:32:00,2025-11-28 06:53:00
Chrome,"Mozilla/5.0 (X11; OpenBSD i386) AppleWebKit/537.36 (KHTML, like Gecko) Chrome/36.0.1985.125 Safari/537.36",2014-11-23 07:02:00,2025-12-23 07:16:00
Chrome,"Mozilla/5.0 (Macintosh; Intel Mac OS X 10_9_2) AppleWebKit/537.36 (KHTML, like Gecko) Chrome/36.0.1944.0 Safari/537.36",2014-04-20 12:12:00,2025-08-27 02:29:00
Chrome,"Mozilla/5.0 (Windows NT 5.1) AppleWebKit/537.36 (KHTML, like Gecko) Chrome/35.0.3319.102 Safari/537.36",2014-11-23 03:37:00,2025-07-25 02:29:00
Chrome,"Mozilla/5.0 (Windows NT 5.1) AppleWebKit/537.36 (KHTML, like Gecko) Chrome/35.0.2309.372 Safari/537.36",2014-11-23 03:18:00,2025-07-21 12:24:00
Chrome,"Mozilla/5.0 (Windows NT 5.1) AppleWebKit/537.36 (KHTML, like Gecko) Chrome/35.0.2117.157 Safari/537.36",2014-11-23 01:05:00,2024-05-02 07:18:00
Chrome,"Mozilla/5.0 (Macintosh; Intel Mac OS X 10_9_3) AppleWebKit/537.36 (KHTML, like Gecko) Chrome/35.0.1916.47 Safari/537.36",2014-04-20 02:12:00,2025-02-01 02:07:00
Chrome,"Mozilla/5.0 (Windows NT 5.1) AppleWebKit/537.36 (KHTML, like Gecko) Chrome/34.0.1866.237 Safari/537.36",2014-11-23 09:41:00,2025-07-28 08:24:00
Chrome,"Mozilla/5.0 (X11; Linux x86_64) AppleWebKit/537.36 (KHTML, like Gecko) Chrome/34.0.1847.137 Safari/4E423F",2014-11-22 02:20:00,2025-10-29 10:57:00
Chrome,"Mozilla/5.0 (Windows NT 5.1) AppleWebKit/537.36 (KHTML, like Gecko) Chrome/34.0.1847.116 Safari/537.36 Mozilla/5.0 (iPad; U; CPU OS 3_2 like Mac OS X; en-us) AppleWebKit/531.21.10 (KHTML, like Gecko) Version/4.0.4 Mobile/7B334b Safari/531.21.10",2014-04-20 03:48:00,2023-05-06 04:45:00
Chrome,"Mozilla/5.0 (X11; Linux x86_64) AppleWebKit/537.36 (KHTML, like Gecko) Chrome/33.0.1750.517 Safari/537.36",2014-11-22 09:44:00,2025-09-10 08:36:00
Chrome,"Mozilla/5.0 (Windows NT 6.2; Win64; x64) AppleWebKit/537.36 (KHTML, like Gecko) Chrome/32.0.1667.0 Safari/537.36",2013-10-11 03:43:00,2025-12-29 08:57:00
Chrome,"Mozilla/5.0 (Macintosh; Intel Mac OS X 10_9_0) AppleWebKit/537.36 (KHTML, like Gecko) Chrome/32.0.1664.3 Safari/537.36",2013-10-11 04:05:00,2026-01-04 02:42:00
Chrome,"Mozilla/5.0 (Macintosh; Intel Mac OS X 10_8_0) AppleWebKit/537.36 (KHTML, like Gecko) Chrome/32.0.1664.3 Safari/537.36",2014-06-14 09:21:00,2025-02-05 05:31:00
Chrome,"Mozilla/5.0 (Windows NT 5.1) AppleWebKit/537.36 (KHTML, like Gecko) Chrome/31.0.1650.16 Safari/537.36",2013-10-11 04:16:00,2023-12-04 01:57:00
Chrome,"Mozilla/5.0 (Windows NT 6.1; WOW64) AppleWebKit/537.36 (KHTML, like Gecko) Chrome/31.0.1623.0 Safari/537.36",2013-10-11 03:53:00,2023-11-30 06:36:00
Chrome,"Mozilla/5.0 (Windows NT 6.2; WOW64) AppleWebKit/537.36 (KHTML, like Gecko) Chrome/30.0.1599.17 Safari/537.36",2013-08-25 05:24:00,2025-10-28 01:58:00
Chrome,"Mozilla/5.0 (Windows NT 6.1; WOW64) AppleWebKit/537.36 (KHTML, like Gecko) Chrome/29.0.1547.62 Safari/537.36",2013-08-27 04:27:00,2025-10-08 11:28:00
Chrome,"Mozilla/5.0 (X11; CrOS i686 4319.74.0) AppleWebKit/537.36 (KHTML, like Gecko) Chrome/29.0.1547.57 Safari/537.36",2013-08-25 04:26:00,2026-01-12 12:52:00
Chrome,"Mozilla/5.0 (Windows NT 6.2; WOW64) AppleWebKit/537.36 (KHTML, like Gecko) Chrome/29.0.1547.2 Safari/537.36",2013-06-26 05:17:00,2025-12-02 01:13:00
Chrome,"Mozilla/5.0 (Windows NT 6.1) AppleWebKit/537.36 (KHTML, like Gecko) Chrome/28.0.1468.0 Safari/537.36",2013-04-08 06:55:00,2025-09-26 03:18:00
Chrome,"Mozilla/5.0 (Windows NT 6.2) AppleWebKit/537.36 (KHTML, like Gecko) Chrome/28.0.1464.0 Safari/537.36",2013-04-08 05:35:00,2025-07-28 01:27:00
Chrome,"Mozilla/5.0 (Windows NT 6.2; WOW64) AppleWebKit/537.36 (KHTML, like Gecko) Chrome/27.0.1500.55 Safari/537.36",2014-06-13 10:02:00,2023-10-27 12:34:00
Chrome,"Mozilla/5.0 (Windows NT 6.2; WOW64) AppleWebKit/537.36 (KHTML, like Gecko) Chrome/27.0.1453.93 Safari/537.36",2013-05-22 05:34:00,2024-11-11 11:45:00
Chrome,"Mozilla/5.0 (Windows NT 6.1; WOW64) AppleWebKit/537.36 (KHTML, like Gecko) Chrome/27.0.1453.93 Safari/537.36",2013-05-22 05:29:00,2025-06-29 10:50:00
Chrome,"Mozilla/5.0 (Windows NT 6.1) AppleWebKit/537.36 (KHTML, like Gecko) Chrome/27.0.1453.93 Safari/537.36",2013-05-22 05:40:00,2024-10-01 06:59:00
Chrome,"Mozilla/5.0 (Windows NT 5.1) AppleWebKit/537.36 (KHTML, like Gecko) Chrome/27.0.1453.93 Safari/537.36",2013-05-22 05:25:00,2025-08-30 08:32:00
Chrome,"Mozilla/5.0 (Macintosh; Intel Mac OS X 10_8_3) AppleWebKit/537.36 (KHTML, like Gecko) Chrome/27.0.1453.93 Safari/537.36",2013-05-22 05:32:00,2025-09-20 07:26:00
Chrome,"Mozilla/5.0 (Macintosh; Intel Mac OS X 10_7_5) AppleWebKit/537.36 (KHTML, like Gecko) Chrome/27.0.1453.93 Safari/537.36",2013-05-22 05:36:00,2024-12-20 08:55:00
Chrome,"Mozilla/5.0 (Windows NT 6.1) AppleWebKit/537.36 (KHTML, like Gecko) Chrome/27.0.1453.90 Safari/537.36",2014-04-20 01:56:00,2025-12-30 12:23:00
Chrome,"Mozilla/5.0 (X11; NetBSD) AppleWebKit/537.36 (KHTML, like Gecko) Chrome/27.0.1453.116 Safari/537.36",2014-06-14 04:12:00,2023-10-23 12:33:00
Chrome,"Mozilla/5.0 (X11; CrOS i686 3912.101.0) AppleWebKit/537.36 (KHTML, like Gecko) Chrome/27.0.1453.116 Safari/537.36",2013-06-26 05:51:00,2025-09-26 08:44:00
Chrome,"Mozilla/5.0 (Windows NT 6.1; WOW64) AppleWebKit/537.17 (KHTML, like Gecko) Chrome/24.0.1312.60 Safari/537.17",2013-02-12 09:41:00,2025-08-21 01:19:00
Chrome,"Mozilla/5.0 (Macintosh; Intel Mac OS X 10_8_2) AppleWebKit/537.17 (KHTML, like Gecko) Chrome/24.0.1309.0 Safari/537.17",2012-10-28 09:35:00,2025-12-26 01:24:00
Chrome,"Mozilla/5.0 (Windows NT 6.2; WOW64) AppleWebKit/537.15 (KHTML, like Gecko) Chrome/24.0.1295.0 Safari/537.15",2012-10-15 01:31:00,2023-10-28 02:32:00
Chrome,"Mozilla/5.0 (Windows NT 6.2; WOW64) AppleWebKit/537.14 (KHTML, like Gecko) Chrome/24.0.1292.0 Safari/537.14",2012-10-11 07:55:00,2025-08-29 06:17:00
Chrome,"Mozilla/5.0 (Windows NT 6.2; WOW64) AppleWebKit/537.13 (KHTML, like Gecko) Chrome/24.0.1290.1 Safari/537.13",2012-10-12 04:36:00,2025-12-22 06:15:00
Chrome,"Mozilla/5.0 (Windows NT 6.2) AppleWebKit/537.13 (KHTML, like Gecko) Chrome/24.0.1290.1 Safari/537.13",2012-10-14 01:32:00,2025-07-08 07:58:00
Chrome,"Mozilla/5.0 (Macintosh; Intel Mac OS X 10_8_2) AppleWebKit/537.13 (KHTML, like Gecko) Chrome/24.0.1290.1 Safari/537.13",2012-10-14 12:12:00,2025-06-16 11:50:00
Chrome,"Mozilla/5.0 (Macintosh; Intel Mac OS X 10_7_4) AppleWebKit/537.13 (KHTML, like Gecko) Chrome/24.0.1290.1 Safari/537.13",2012-10-13 10:25:00,2024-11-10 09:00:00
Chrome,"Mozilla/5.0 (Windows NT 6.1) AppleWebKit/537.13 (KHTML, like Gecko) Chrome/24.0.1284.0 Safari/537.13",2012-10-01 09:49:00,2025-04-23 01:14:00
Chrome,"Mozilla/5.0 (Windows NT 5.1) AppleWebKit/537.11 (KHTML, like Gecko) Chrome/23.0.1271.6 Safari/537.11",2013-10-11 03:50:00,2023-07-03 09:54:00
Chrome,"Mozilla/5.0 (Macintosh; Intel Mac OS X 10_8_2) AppleWebKit/537.11 (KHTML, like Gecko) Chrome/23.0.1271.6 Safari/537.11",2012-10-01 10:23:00,2024-12-26 11:10:00
Chrome,"Mozilla/5.0 (Windows NT 6.2) AppleWebKit/537.11 (KHTML, like Gecko) Chrome/23.0.1271.26 Safari/537.11",2012-10-13 03:31:00,2025-07-06 08:15:00
Chrome,"Mozilla/5.0 (Windows NT 6.0) yi; AppleWebKit/345667.12221 (KHTML, like Gecko) Chrome/23.0.1271.26 Safari/453667.1221",2013-04-08 09:15:00,2024-12-27 07:20:00
Chrome,"Mozilla/5.0 (Windows NT 6.2; WOW64) AppleWebKit/537.11 (KHTML, like Gecko) Chrome/23.0.1271.17 Safari/537.11",2012-10-07 12:42:00,2025-12-24 04:52:00
Chrome,"Mozilla/5.0 (Windows NT 6.2) AppleWebKit/537.4 (KHTML, like Gecko) Chrome/22.0.1229.94 Safari/537.4",2012-10-12 03:07:00,2024-11-17 07:49:00
Chrome,"Mozilla/5.0 (Macintosh; Intel Mac OS X 10_6_0) AppleWebKit/537.4 (KHTML, like Gecko) Chrome/22.0.1229.79 Safari/537.4",2012-10-01 10:17:00,2025-05-02 03:36:00
Chrome,"Mozilla/5.0 (Windows NT 6.1) AppleWebKit/537.2 (KHTML, like Gecko) Chrome/22.0.1216.0 Safari/537.2",2012-10-02 12:50:00,2024-03-28 10:48:00
Chrome,"Mozilla/5.0 (Windows NT 6.1; WOW64) AppleWebKit/537.1 (KHTML, like Gecko) Chrome/22.0.1207.1 Safari/537.1",2012-07-17 09:59:00,2025-12-10 11:36:00
Chrome,"Mozilla/5.0 (X11; CrOS i686 2268.111.0) AppleWebKit/536.11 (KHTML, like Gecko) Chrome/20.0.1132.57 Safari/536.11",2012-07-18 01:34:00,2025-12-08 03:29:00
Chrome,"Mozilla/5.0 (Windows NT 6.1; WOW64) AppleWebKit/536.6 (KHTML, like Gecko) Chrome/20.0.1092.0 Safari/536.6",2012-04-05 07:56:00,2025-11-17 02:00:00
Chrome,"Mozilla/5.0 (Windows NT 6.2) AppleWebKit/536.6 (KHTML, like Gecko) Chrome/20.0.1090.0 Safari/536.6",2012-04-04 02:02:00,2025-11-20 06:56:00
Chrome,"Mozilla/5.0 (Windows NT 6.2; WOW64) AppleWebKit/537.1 (KHTML, like Gecko) Chrome/19.77.34.5 Safari/537.1",2012-07-17 11:10:00,2026-01-03 09:55:00
Chrome,"Mozilla/5.0 (X11; Linux x86_64) AppleWebKit/536.5 (KHTML, like Gecko) Chrome/19.0.1084.9 Safari/536.5",2012-04-05 06:16:00,2025-07-29 11:59:00
Chrome,Mozilla/5.0 (X11; FreeBSD amd64) AppleWebKit/536.5 (KHTML like Gecko) Chrome/19.0.1084.56 Safari/1EA69,2014-11-22 12:54:00,2024-09-08 07:00:00
Chrome,"Mozilla/5.0 (Windows NT 6.0) AppleWebKit/536.5 (KHTML, like Gecko) Chrome/19.0.1084.36 Safari/536.5",2012-04-28 10:46:00,2025-08-03 09:59:00
Chrome,"Mozilla/5.0 (Windows NT 6.1; WOW64) AppleWebKit/536.3 (KHTML, like Gecko) Chrome/19.0.1063.0 Safari/536.3",2012-03-08 03:12:00,2025-10-19 01:31:00
Chrome,"Mozilla/5.0 (Windows NT 5.1) AppleWebKit/536.3 (KHTML, like Gecko) Chrome/19.0.1063.0 Safari/536.3",2012-07-18 01:21:00,2025-11-20 06:55:00
Chrome,"Mozilla/5.0 (Macintosh; Intel Mac OS X 10_8_0) AppleWebKit/536.3 (KHTML, like Gecko) Chrome/19.0.1063.0 Safari/536.3",2012-03-07 10:05:00,2025-09-03 11:47:00
Chrome,"Mozilla/5.0 (Windows NT 6.2) AppleWebKit/536.3 (KHTML, like Gecko) Chrome/19.0.1062.0 Safari/536.3",2012-03-07 04:47:00,2025-10-11 07:26:00
Chrome,"Mozilla/5.0 (Windows NT 6.1; WOW64) AppleWebKit/536.3 (KHTML, like Gecko) Chrome/19.0.1062.0 Safari/536.3",2012-03-07 10:32:00,2025-05-24 01:28:00
Chrome,"Mozilla/5.0 (Windows NT 6.2) AppleWebKit/536.3 (KHTML, like Gecko) Chrome/19.0.1061.1 Safari/536.3",2012-03-07 02:16:00,2025-12-02 03:13:00
Safari,"Mozilla/5.0 (Macintosh; Intel Mac OS X 10_9_3) AppleWebKit/537.75.14 (KHTML, like Gecko) Version/7.0.3 Safari/7046A194A",2014-11-21 11:22:00,2026-01-07 01:45:00
Safari,"Mozilla/5.0 (iPad; CPU OS 6_0 like Mac OS X) AppleWebKit/536.26 (KHTML, like Gecko) Version/6.0 Mobile/10A5355d Safari/8536.25",2012-07-18 02:34:00,2025-10-15 05:49:00
Safari,"Mozilla/5.0 (Macintosh; Intel Mac OS X 10_6_8) AppleWebKit/537.13+ (KHTML, like Gecko) Version/5.1.7 Safari/534.57.2",2012-10-07 02:33:00,2025-11-29 04:13:00
Safari,"Mozilla/5.0 (Macintosh; Intel Mac OS X 10_7_3) AppleWebKit/534.55.3 (KHTML, like Gecko) Version/5.1.3 Safari/534.53.10",2012-04-05 05:21:00,2025-12-12 05:33:00
Safari,"Mozilla/5.0 (iPad; CPU OS 5_1 like Mac OS X) AppleWebKit/534.46 (KHTML, like Gecko ) Version/5.1 Mobile/9B176 Safari/7534.48.3",2012-04-28 10:37:00,2025-08-21 10:01:00
Safari,"Mozilla/5.0 (Macintosh; U; Intel Mac OS X 10_6_8; de-at) AppleWebKit/533.21.1 (KHTML, like Gecko) Version/5.0.5 Safari/533.21.1",2011-07-18 05:51:00,2025-10-12 02:54:00
Safari,"Mozilla/5.0 (Macintosh; U; Intel Mac OS X 10_6_7; da-dk) AppleWebKit/533.21.1 (KHTML, like Gecko) Version/5.0.5 Safari/533.21.1",2011-06-15 11:15:00,2025-11-12 02:58:00
Safari,"Mozilla/5.0 (Windows; U; Windows NT 6.1; tr-TR) AppleWebKit/533.20.25 (KHTML, like Gecko) Version/5.0.4 Safari/533.20.27",2011-03-13 08:19:00,2025-12-29 01:47:00
Safari,"Mozilla/5.0 (Windows; U; Windows NT 6.1; ko-KR) AppleWebKit/533.20.25 (KHTML, like Gecko) Version/5.0.4 Safari/533.20.27",2011-03-13 08:18:00,2025-11-22 07:58:00
Safari,"Mozilla/5.0 (Windows; U; Windows NT 6.1; fr-FR) AppleWebKit/533.20.25 (KHTML, like Gecko) Version/5.0.4 Safari/533.20.27",2011-03-12 01:18:00,2023-08-28 03:31:00
Safari,"Mozilla/5.0 (Windows; U; Windows NT 6.1; en-US) AppleWebKit/533.20.25 (KHTML, like Gecko) Version/5.0.4 Safari/533.20.27",2011-03-12 04:52:00,2025-07-23 02:46:00
Safari,"Mozilla/5.0 (Windows; U; Windows NT 6.1; cs-CZ) AppleWebKit/533.20.25 (KHTML, like Gecko) Version/5.0.4 Safari/533.20.27",2011-03-10 02:10:00,2024-07-18 09:16:00
Safari,"Mozilla/5.0 (Windows; U; Windows NT 6.0; ja-JP) AppleWebKit/533.20.25 (KHTML, like Gecko) Version/5.0.4 Safari/533.20.27",2011-03-13 08:01:00,2021-05-05 02:58:00
Safari,"Mozilla/5.0 (Windows; U; Windows NT 6.0; en-US) AppleWebKit/533.20.25 (KHTML, like Gecko) Version/5.0.4 Safari/533.20.27",2011-03-13 07:52:00,2025-10-04 11:15:00
Safari,"Mozilla/5.0 (Macintosh; U; PPC Mac OS X 10_5_8; zh-cn) AppleWebKit/533.20.25 (KHTML, like Gecko) Version/5.0.4 Safari/533.20.27",2011-03-10 09:44:00,2020-12-23 02:57:00
Safari,"Mozilla/5.0 (Macintosh; U; PPC Mac OS X 10_5_8; ja-jp) AppleWebKit/533.20.25 (KHTML, like Gecko) Version/5.0.4 Safari/533.20.27",2011-03-13 07:15:00,2023-09-15 10:37:00
Safari,"Mozilla/5.0 (Macintosh; U; Intel Mac OS X 10_6_7; ja-jp) AppleWebKit/533.20.25 (KHTML, like Gecko) Version/5.0.4 Safari/533.20.27",2011-03-24 07:16:00,2022-01-19 10:49:00
Safari,"Mozilla/5.0 (Macintosh; U; Intel Mac OS X 10_6_6; zh-cn) AppleWebKit/533.20.25 (KHTML, like Gecko) Version/5.0.4 Safari/533.20.27",2011-03-13 09:11:00,2024-10-11 04:09:00
Safari,"Mozilla/5.0 (Macintosh; U; Intel Mac OS X 10_6_6; sv-se) AppleWebKit/533.20.25 (KHTML, like Gecko) Version/5.0.4 Safari/533.20.27",2011-03-13 07:13:00,2025-07-11 04:54:00
Safari,"Mozilla/5.0 (Macintosh; U; Intel Mac OS X 10_6_6; ko-kr) AppleWebKit/533.20.25 (KHTML, like Gecko) Version/5.0.4 Safari/533.20.27",2011-03-13 07:13:00,2021-10-13 02:08:00
Safari,"Mozilla/5.0 (Macintosh; U; Intel Mac OS X 10_6_6; ja-jp) AppleWebKit/533.20.25 (KHTML, like Gecko) Version/5.0.4 Safari/533.20.27",2011-03-13 07:13:00,2021-07-28 01:30:00
Safari,"Mozilla/5.0 (Macintosh; U; Intel Mac OS X 10_6_6; it-it) AppleWebKit/533.20.25 (KHTML, like Gecko) Version/5.0.4 Safari/533.20.27",2011-03-13 07:12:00,2025-02-21 03:58:00
Safari,"Mozilla/5.0 (Macintosh; U; Intel Mac OS X 10_6_6; fr-fr) AppleWebKit/533.20.25 (KHTML, like Gecko) Version/5.0.4 Safari/533.20.27",2011-03-13 07:12:00,2022-11-11 04:16:00
Safari,"Mozilla/5.0 (Macintosh; U; Intel Mac OS X 10_6_6; es-es) AppleWebKit/533.20.25 (KHTML, like Gecko) Version/5.0.4 Safari/533.20.27",2011-03-10 01:26:00,2024-08-17 07:48:00
Safari,"Mozilla/5.0 (Macintosh; U; Intel Mac OS X 10_6_6; en-us) AppleWebKit/533.20.25 (KHTML, like Gecko) Version/5.0.4 Safari/533.20.27",2011-03-10 06:03:00,2021-09-29 01:08:00
Safari,"Mozilla/5.0 (Macintosh; U; Intel Mac OS X 10_6_6; en-gb) AppleWebKit/533.20.25 (KHTML, like Gecko) Version/5.0.4 Safari/533.20.27",2011-03-13 07:12:00,2023-09-21 05:14:00
Safari,"Mozilla/5.0 (Macintosh; U; Intel Mac OS X 10_6_6; de-de) AppleWebKit/533.20.25 (KHTML, like Gecko) Version/5.0.4 Safari/533.20.27",2011-03-12 06:27:00,2023-12-08 03:59:00
Safari,"Mozilla/5.0 (Windows; U; Windows NT 6.1; sv-SE) AppleWebKit/533.19.4 (KHTML, like Gecko) Version/5.0.3 Safari/533.19.4",2011-01-29 06:01:00,2023-06-13 11:36:00
Safari,"Mozilla/5.0 (Windows; U; Windows NT 6.1; ja-JP) AppleWebKit/533.20.25 (KHTML, like Gecko) Version/5.0.3 Safari/533.19.4",2011-03-13 08:17:00,2023-09-15 10:37:00
Safari,"Mozilla/5.0 (Windows; U; Windows NT 6.1; de-DE) AppleWebKit/533.20.25 (KHTML, like Gecko) Version/5.0.3 Safari/533.19.4",2011-03-13 08:06:00,2023-09-15 10:37:00
Safari,"Mozilla/5.0 (Windows; U; Windows NT 6.0; hu-HU) AppleWebKit/533.19.4 (KHTML, like Gecko) Version/5.0.3 Safari/533.19.4",2011-02-01 11:56:00,2023-09-15 10:37:00
Safari,"Mozilla/5.0 (Windows; U; Windows NT 6.0; en-US) AppleWebKit/533.20.25 (KHTML, like Gecko) Version/5.0.3 Safari/533.19.4",2011-03-13 07:52:00,2021-07-27 09:44:00
Safari,"Mozilla/5.0 (Windows; U; Windows NT 6.0; de-DE) AppleWebKit/533.20.25 (KHTML, like Gecko) Version/5.0.3 Safari/533.19.4",2011-03-13 07:49:00,2022-11-16 09:07:00
Safari,"Mozilla/5.0 (Windows; U; Windows NT 5.1; ru-RU) AppleWebKit/533.19.4 (KHTML, like Gecko) Version/5.0.3 Safari/533.19.4",2011-03-09 11:58:00,2023-12-08 03:38:00
Safari,"Mozilla/5.0 (Windows; U; Windows NT 5.1; ja-JP) AppleWebKit/533.20.25 (KHTML, like Gecko) Version/5.0.3 Safari/533.19.4",2011-03-13 05:19:00,2024-04-22 10:23:00
Safari,"Mozilla/5.0 (Windows; U; Windows NT 5.1; it-IT) AppleWebKit/533.20.25 (KHTML, like Gecko) Version/5.0.3 Safari/533.19.4",2011-03-13 07:39:00,2022-08-17 01:07:00
Safari,"Mozilla/5.0 (Windows; U; Windows NT 5.1; en-US) AppleWebKit/533.20.25 (KHTML, like Gecko) Version/5.0.3 Safari/533.19.4",2011-03-13 07:25:00,2023-09-15 10:37:00
Safari,"Mozilla/5.0 (Macintosh; U; Intel Mac OS X 10_6_7; en-us) AppleWebKit/534.16+ (KHTML, like Gecko) Version/5.0.3 Safari/533.19.4",2011-01-24 10:36:00,2023-09-15 10:37:00
Safari,"Mozilla/5.0 (Macintosh; U; Intel Mac OS X 10_6_6; fr-ch) AppleWebKit/533.19.4 (KHTML, like Gecko) Version/5.0.3 Safari/533.19.4",2011-03-13 07:12:00,2023-08-28 03:30:00
Safari,"Mozilla/5.0 (Macintosh; U; Intel Mac OS X 10_6_5; de-de) AppleWebKit/534.15+ (KHTML, like Gecko) Version/5.0.3 Safari/533.19.4",2011-01-06 03:03:00,2024-04-25 09:55:00
Safari,"Mozilla/5.0 (Macintosh; U; Intel Mac OS X 10_6_5; ar) AppleWebKit/533.19.4 (KHTML, like Gecko) Version/5.0.3 Safari/533.19.4",2011-03-13 07:11:00,2020-12-23 02:56:00
Safari,"Mozilla/5.0 (Android 2.2; Windows; U; Windows NT 6.1; en-US) AppleWebKit/533.19.4 (KHTML, like Gecko) Version/5.0.3 Safari/533.19.4",2011-01-31 07:11:00,2025-04-15 09:52:00
Safari,"Mozilla/5.0 (Windows; U; Windows NT 6.1; zh-HK) AppleWebKit/533.18.1 (KHTML, like Gecko) Version/5.0.2 Safari/533.18.5",2010-10-11 04:42:00,2024-04-17 12:37:00
Safari,"Mozilla/5.0 (Windows; U; Windows NT 6.1; en-US) AppleWebKit/533.19.4 (KHTML, like Gecko) Version/5.0.2 Safari/533.18.5",2010-11-15 02:13:00,2023-08-28 03:30:00
Safari,"Mozilla/5.0 (Windows; U; Windows NT 6.0; tr-TR) AppleWebKit/533.18.1 (KHTML, like Gecko) Version/5.0.2 Safari/533.18.5",2010-10-10 07:12:00,2023-04-19 08:34:00
Safari,"Mozilla/5.0 (Windows; U; Windows NT 6.0; nb-NO) AppleWebKit/533.18.1 (KHTML, like Gecko) Version/5.0.2 Safari/533.18.5",2010-10-10 07:11:00,2023-06-06 05:23:00
Safari,"Mozilla/5.0 (Windows; U; Windows NT 6.0; fr-FR) AppleWebKit/533.18.1 (KHTML, like Gecko) Version/5.0.2 Safari/533.18.5",2010-10-10 07:09:00,2023-09-15 10:37:00
Safari,"Mozilla/5.0 (Windows; U; Windows NT 5.1; zh-TW) AppleWebKit/533.19.4 (KHTML, like Gecko) Version/5.0.2 Safari/533.18.5",2010-12-31 04:32:00,2025-09-16 06:13:00
Safari,"Mozilla/5.0 (Windows; U; Windows NT 5.1; ru-RU) AppleWebKit/533.18.1 (KHTML, like Gecko) Version/5.0.2 Safari/533.18.5",2010-11-08 04:24:00,2024-11-18 02:48:00
Safari,"Mozilla/5.0 (Macintosh; U; Intel Mac OS X 10_5_8; zh-cn) AppleWebKit/533.18.1 (KHTML, like Gecko) Version/5.0.2 Safari/533.18.5",2010-10-10 06:39:00,2020-12-23 02:59:00
Safari,"Mozilla/5.0 (iPod; U; CPU iPhone OS 4_3_3 like Mac OS X; ja-jp) AppleWebKit/533.17.9 (KHTML, like Gecko) Version/5.0.2 Mobile/8J2 Safari/6533.18.5",2011-05-13 06:00:00,2025-01-16 04:07:00
Safari,"Mozilla/5.0 (iPod; U; CPU iPhone OS 4_3_1 like Mac OS X; zh-cn) AppleWebKit/533.17.9 (KHTML, like Gecko) Version/5.0.2 Mobile/8G4 Safari/6533.18.5",2011-03-28 12:44:00,2024-08-07 11:53:00
Safari,"Mozilla/5.0 (iPod; U; CPU iPhone OS 4_2_1 like Mac OS X; he-il) AppleWebKit/533.17.9 (KHTML, like Gecko) Version/5.0.2 Mobile/8C148 Safari/6533.18.5",2011-03-13 08:27:00,2025-07-24 01:34:00
Safari,"Mozilla/5.0 (iPhone; U; ru; CPU iPhone OS 4_2_1 like Mac OS X; ru) AppleWebKit/533.17.9 (KHTML, like Gecko) Version/5.0.2 Mobile/8C148a Safari/6533.18.5",2012-10-07 12:26:00,2025-06-21 01:56:00
Safari,"Mozilla/5.0 (iPhone; U; ru; CPU iPhone OS 4_2_1 like Mac OS X; fr) AppleWebKit/533.17.9 (KHTML, like Gecko) Version/5.0.2 Mobile/8C148a Safari/6533.18.5",2012-10-07 12:25:00,2022-10-20 02:55:00
Safari,"Mozilla/5.0 (iPhone; U; fr; CPU iPhone OS 4_2_1 like Mac OS X; fr) AppleWebKit/533.17.9 (KHTML, like Gecko) Version/5.0.2 Mobile/8C148a Safari/6533.18.5",2011-03-05 07:54:00,2020-04-17 10:43:00
Safari,"Mozilla/5.0 (iPhone; U; CPU iPhone OS 4_3_1 like Mac OS X; zh-tw) AppleWebKit/533.17.9 (KHTML, like Gecko) Version/5.0.2 Mobile/8G4 Safari/6533.18.5",2011-03-24 08:30:00,2024-09-10 10:08:00
Safari,"Mozilla/5.0 (iPhone; U; CPU iPhone OS 4_3 like Mac OS X; pl-pl) AppleWebKit/533.17.9 (KHTML, like Gecko) Version/5.0.2 Mobile/8F190 Safari/6533.18.5",2011-03-14 11:27:00,2023-10-28 06:57:00
Safari,"Mozilla/5.0 (iPhone; U; CPU iPhone OS 4_3 like Mac OS X; fr-fr) AppleWebKit/533.17.9 (KHTML, like Gecko) Version/5.0.2 Mobile/8F190 Safari/6533.18.5",2011-03-12 03:51:00,2023-10-17 10:11:00
Safari,"Mozilla/5.0 (iPhone; U; CPU iPhone OS 4_3 like Mac OS X; en-gb) AppleWebKit/533.17.9 (KHTML, like Gecko) Version/5.0.2 Mobile/8F190 Safari/6533.18.5",2011-03-10 01:50:00,2025-10-02 09:14:00
Safari,"Mozilla/5.0 (iPhone; U; CPU iPhone OS 4_2_1 like Mac OS X; ru-ru) AppleWebKit/533.17.9 (KHTML, like Gecko) Version/5.0.2 Mobile/8C148 Safari/6533.18.5",2011-07-18 10:24:00,2025-05-18 03:59:00
Safari,"Mozilla/5.0 (iPhone; U; CPU iPhone OS 4_2_1 like Mac OS X; nb-no) AppleWebKit/533.17.9 (KHTML, like Gecko) Version/5.0.2 Mobile/8C148a Safari/6533.18.5",2011-03-13 07:55:00,2025-10-23 06:28:00
Safari,"Mozilla/5.0 (Windows; U; Windows NT 5.2; en-US) AppleWebKit/533.17.8 (KHTML, like Gecko) Version/5.0.1 Safari/533.17.8",2010-09-03 01:03:00,2023-12-08 05:33:00
Safari,"Mozilla/5.0 (Macintosh; U; Intel Mac OS X 10_6_4; th-th) AppleWebKit/533.17.8 (KHTML, like Gecko) Version/5.0.1 Safari/533.17.8",2011-03-13 07:11:00,2020-04-08 10:49:00
Safari,"Mozilla/5.0 (X11; U; Linux x86_64; en-us) AppleWebKit/531.2+ (KHTML, like Gecko) Version/5.0 Safari/531.2+",2011-02-19 12:16:00,2023-11-29 05:32:00
Safari,"Mozilla/5.0 (X11; U; Linux x86_64; en-ca) AppleWebKit/531.2+ (KHTML, like Gecko) Version/5.0 Safari/531.2+",2010-09-22 05:39:00,2025-02-10 06:35:00
Safari,"Mozilla/5.0 (Windows; U; Windows NT 6.1; ja-JP) AppleWebKit/533.16 (KHTML, like Gecko) Version/5.0 Safari/533.16",2010-06-13 11:40:00,2022-11-26 11:16:00
Safari,"Mozilla/5.0 (Windows; U; Windows NT 6.1; es-ES) AppleWebKit/533.18.1 (KHTML, like Gecko) Version/5.0 Safari/533.16",2010-10-10 07:44:00,2023-10-29 02:48:00
Safari,"Mozilla/5.0 (Windows; U; Windows NT 6.1; en-US) AppleWebKit/533.18.1 (KHTML, like Gecko) Version/5.0 Safari/533.16",2010-10-10 07:13:00,2020-09-08 05:03:00
Safari,"Mozilla/5.0 (Windows; U; Windows NT 6.0; ja-JP) AppleWebKit/533.16 (KHTML, like Gecko) Version/5.0 Safari/533.16",2010-06-13 11:31:00,2018-07-21 08:55:00
Safari,"Mozilla/5.0 (Macintosh; U; PPC Mac OS X 10_5_8; ja-jp) AppleWebKit/533.16 (KHTML, like Gecko) Version/5.0 Safari/533.16",2010-06-13 10:56:00,2023-10-21 09:53:00
Safari,"Mozilla/5.0 (Macintosh; U; PPC Mac OS X 10_4_11; fr) AppleWebKit/533.16 (KHTML, like Gecko) Version/5.0 Safari/533.16",2010-06-13 10:54:00,2025-03-20 08:14:00
Safari,"Mozilla/5.0 (Macintosh; U; Intel Mac OS X 10_6_3; zh-cn) AppleWebKit/533.16 (KHTML, like Gecko) Version/5.0 Safari/533.16",2010-06-13 10:52:00,2023-06-01 01:05:00
Safari,"Mozilla/5.0 (Macintosh; U; Intel Mac OS X 10_6_3; ru-ru) AppleWebKit/533.16 (KHTML, like Gecko) Version/5.0 Safari/533.16",2010-06-13 10:52:00,2025-08-29 10:53:00
Safari,"Mozilla/5.0 (Macintosh; U; Intel Mac OS X 10_6_3; ko-kr) AppleWebKit/533.16 (KHTML, like Gecko) Version/5.0 Safari/533.16",2010-06-13 10:52:00,2025-09-16 06:12:00
Safari,"Mozilla/5.0 (Macintosh; U; Intel Mac OS X 10_6_3; it-it) AppleWebKit/533.16 (KHTML, like Gecko) Version/5.0 Safari/533.16",2010-06-13 10:52:00,2021-04-05 11:15:00
Safari,"Mozilla/5.0 (Macintosh; U; Intel Mac OS X 10_6_3; HTC-P715a; en-ca) AppleWebKit/533.16 (KHTML, like Gecko) Version/5.0 Safari/533.16",2011-07-18 05:17:00,2020-12-28 08:58:00
Safari,"Mozilla/5.0 (Macintosh; U; Intel Mac OS X 10_6_3; en-us) AppleWebKit/534.1+ (KHTML, like Gecko) Version/5.0 Safari/533.16",2010-06-13 10:51:00,2025-10-14 05:28:00
Safari,"Mozilla/5.0 (Macintosh; U; Intel Mac OS X 10_6_3; en-au) AppleWebKit/533.16 (KHTML, like Gecko) Version/5.0 Safari/533.16",2010-06-13 10:51:00,2024-12-07 10:05:00
Safari,"Mozilla/5.0 (Macintosh; U; Intel Mac OS X 10_6_3; el-gr) AppleWebKit/533.16 (KHTML, like Gecko) Version/5.0 Safari/533.16",2010-06-13 10:51:00,2025-01-06 08:17:00
Safari,"Mozilla/5.0 (Macintosh; U; Intel Mac OS X 10_6_3; ca-es) AppleWebKit/533.16 (KHTML, like Gecko) Version/5.0 Safari/533.16",2010-06-13 10:51:00,2024-03-03 12:31:00
Safari,"Mozilla/5.0 (Macintosh; U; Intel Mac OS X 10_5_8; zh-tw) AppleWebKit/533.16 (KHTML, like Gecko) Version/5.0 Safari/533.16",2010-06-13 10:50:00,2025-09-26 07:10:00
Safari,"Mozilla/5.0 (Macintosh; U; Intel Mac OS X 10_5_8; ja-jp) AppleWebKit/533.16 (KHTML, like Gecko) Version/5.0 Safari/533.16",2010-06-13 10:50:00,2023-06-05 10:17:00
Safari,"Mozilla/5.0 (Macintosh; U; Intel Mac OS X 10_5_8; it-it) AppleWebKit/533.16 (KHTML, like Gecko) Version/5.0 Safari/533.16",2010-06-13 10:49:00,2023-06-11 03:02:00
Safari,"Mozilla/5.0 (Windows; U; Windows NT 5.0; en-en) AppleWebKit/533.16 (KHTML, like Gecko) Version/4.1 Safari/533.16",2011-01-26 11:49:00,2022-03-06 06:00:00
Safari,"Mozilla/5.0 (Macintosh; U; PPC Mac OS X 10_4_11; nl-nl) AppleWebKit/533.16 (KHTML, like Gecko) Version/4.1 Safari/533.16",2010-06-13 10:55:00,2024-09-21 12:22:00
Safari,"Mozilla/5.0 (Macintosh; U; PPC Mac OS X 10_4_11; ja-jp) AppleWebKit/533.16 (KHTML, like Gecko) Version/4.1 Safari/533.16",2010-06-13 10:55:00,2024-09-01 10:05:00
Safari,"Mozilla/5.0 (Macintosh; U; PPC Mac OS X 10_4_11; de-de) AppleWebKit/533.16 (KHTML, like Gecko) Version/4.1 Safari/533.16",2010-06-13 10:54:00,2022-03-06 04:29:00
Safari,"Mozilla/5.0 (Macintosh; U; Intel Mac OS X 10_7; en-us) AppleWebKit/533.4 (KHTML, like Gecko) Version/4.1 Safari/533.4",2010-04-04 02:33:00,2025-07-12 02:20:00
Safari,"Mozilla/5.0 (Macintosh; U; Intel Mac OS X 10_6_2; nb-no) AppleWebKit/533.16 (KHTML, like Gecko) Version/4.1 Safari/533.16",2011-10-28 07:34:00,2023-04-25 10:25:00
Safari,"Mozilla/5.0 (Macintosh; U; PPC Mac OS X 10_4_11; tr) AppleWebKit/528.4+ (KHTML, like Gecko) Version/4.0dp1 Safari/526.11.2",2009-04-29 08:05:00,2025-03-02 09:57:00
Safari,"Mozilla/5.0 (Macintosh; U; PPC Mac OS X 10_4_11; en) AppleWebKit/528.4+ (KHTML, like Gecko) Version/4.0dp1 Safari/526.11.2",2008-09-11 09:55:00,2025-04-19 06:01:00
Safari,"Mozilla/5.0 (Macintosh; U; PPC Mac OS X 10_4_11; de) AppleWebKit/528.4+ (KHTML, like Gecko) Version/4.0dp1 Safari/526.11.2",2009-04-07 01:30:00,2025-11-20 12:57:00
Safari,"Mozilla/5.0 (Macintosh; U; Intel Mac OS X 10_5_4; en-us) AppleWebKit/528.4+ (KHTML, like Gecko) Version/4.0dp1 Safari/526.11.2",2009-05-03 05:31:00,2025-07-28 05:32:00
Firefox,Mozilla/5.0 (Windows NT 10.0; Win64; x64; rv:146.0) Gecko/20100101 Firefox/146.0,2026-01-07 07:49:00,2026-01-13 01:13:00
Firefox,Mozilla/5.0 (Windows NT 10.0; Win64; x64; rv:138.0) Gecko/20100101 Firefox/138.0,2025-03-06 04:54:00,2026-01-07 04:46:00
Firefox,Mozilla/5.0 (Windows NT 10.0; Win64; x64; rv:137.0) Gecko/20100101 Firefox/137.0,2025-04-25 08:38:00,2026-01-12 12:22:00
Firefox,Mozilla/5.0 (X11; Ubuntu; Linux x86_64; rv:136.0) Gecko/20100101 Firefox/136.0,2025-03-05 08:10:00,2026-01-11 07:55:00
Firefox,Mozilla/5.0 (Macintosh; Intel Mac OS X 14_2_0; rv:133.0) Gecko/20100101 Firefox/133.0,2026-01-08 10:18:00,2026-01-08 10:18:00
Firefox,Mozilla/5.0 (Macintosh; Intel Mac OS X 15_7_3; rv:132.0) Gecko/20100101 Firefox/132.0,2026-01-09 10:40:00,2026-01-09 10:40:00
Firefox,Mozilla/5.0 (Macintosh; Intel Mac OS X 15_5_2; rv:131.0) Gecko/20100101 Firefox/131.0,2026-01-09 07:19:00,2026-01-09 07:19:00
Firefox,Mozilla/5.0 (Macintosh; Intel Mac OS X 14_0_9; rv:131.0) Gecko/20100101 Firefox/131.0,2026-01-09 09:39:00,2026-01-09 09:39:00
Firefox,Mozilla/5.0 (Macintosh; Intel Mac OS X 14_5_5; rv:130.0) Gecko/20100101 Firefox/130.0,2026-01-10 12:41:00,2026-01-10 12:41:00
Firefox,Mozilla/5.0 (Macintosh; Intel Mac OS X 14_5_2; rv:130.0) Gecko/20100101 Firefox/130.0,2026-01-09 07:21:00,2026-01-09 07:21:00
Firefox,Mozilla/5.0 (Macintosh; Intel Mac OS X 14_6_0; rv:129.0) Gecko/20100101 Firefox/129.0,2026-01-09 07:11:00,2026-01-09 07:11:00
Firefox,Mozilla/5.0 (Macintosh; Intel Mac OS X 14_1_1; rv:129.0) Gecko/20100101 Firefox/129.0,2026-01-09 10:56:00,2026-01-09 10:56:00
Firefox,Mozilla/5.0 (Macintosh; Intel Mac OS X 15_0_7; rv:128.0) Gecko/20100101 Firefox/128.0,2026-01-09 01:39:00,2026-01-09 01:39:00
Firefox,Mozilla/5.0 (Macintosh; Intel Mac OS X 15_0_5; rv:128.0) Gecko/20100101 Firefox/128.0,2026-01-09 05:28:00,2026-01-09 05:28:00
Firefox,Mozilla/5.0 (Macintosh; Intel Mac OS X 14_0_2; rv:126.0) Gecko/20100101 Firefox/126.0,2026-01-09 01:04:00,2026-01-09 01:04:00
Firefox,Mozilla/5.0 (Macintosh; Intel Mac OS X 15_1_5; rv:125.0) Gecko/20100101 Firefox/125.0,2026-01-09 05:28:00,2026-01-09 05:28:00
Firefox,Mozilla/5.0 (Macintosh; Intel Mac OS X 15_5_8; rv:124.0) Gecko/20100101 Firefox/124.0,2026-01-09 02:53:00,2026-01-09 02:53:00
Firefox,Mozilla/5.0 (Macintosh; Intel Mac OS X 15_2_5; rv:124.0) Gecko/20100101 Firefox/124.0,2026-01-09 07:07:00,2026-01-09 07:07:00
Firefox,Mozilla/5.0 (Macintosh; Intel Mac OS X 14_0_4; rv:124.0) Gecko/20100101 Firefox/124.0,2026-01-07 04:50:00,2026-01-07 04:50:00
Firefox,Mozilla/5.0 (Macintosh; Intel Mac OS X 14_5_8; rv:123.0) Gecko/20100101 Firefox/123.0,2026-01-09 09:15:00,2026-01-09 09:15:00
Firefox,Mozilla/5.0 (Macintosh; Intel Mac OS X 15_7_3; rv:122.0) Gecko/20100101 Firefox/122.0,2026-01-08 05:32:00,2026-01-08 05:32:00
Firefox,Mozilla/5.0 (Macintosh; Intel Mac OS X 14_1_9; rv:122.0) Gecko/20100101 Firefox/122.0,2026-01-09 07:35:00,2026-01-09 07:35:00
Firefox,Mozilla/5.0 (Macintosh; Intel Mac OS X 15_6_9; rv:121.0) Gecko/20100101 Firefox/121.0,2026-01-09 10:35:00,2026-01-09 10:35:00
Firefox,Mozilla/5.0 (Macintosh; Intel Mac OS X 15_5_0; rv:121.0) Gecko/20100101 Firefox/121.0,2026-01-09 11:28:00,2026-01-09 11:28:00
Firefox,Mozilla/5.0 (Macintosh; Intel Mac OS X 15_2_2; rv:121.0) Gecko/20100101 Firefox/121.0,2026-01-09 08:07:00,2026-01-09 08:07:00
Firefox,Mozilla/5.0 (Macintosh; Intel Mac OS X 15_0_3; rv:120.0) Gecko/20100101 Firefox/120.0,2026-01-09 05:17:00,2026-01-09 05:17:00
Firefox,Mozilla/5.0 (Macintosh; Intel Mac OS X 14_1_9; rv:120.0) Gecko/20100101 Firefox/120.0,2026-01-09 06:30:00,2026-01-09 06:30:00
Firefox,Mozilla/5.0 (Windows NT 6.2; rv:109.0) Gecko/20100101 Firefox/111.0,2025-03-05 04:11:00,2025-09-08 02:33:00
Firefox,Mozilla/5.0 (Macintosh; Intel Mac OS X 10.15; rv:101.0) Gecko/20100101 Firefox/101.0,2022-04-22 10:47:00,2025-12-01 02:41:00
Firefox,Mozilla/5.0 (Windows NT 6.1; WOW64; rv:77.0) Gecko/20190101 Firefox/77.0,2020-04-15 02:00:00,2025-12-25 12:30:00
Firefox,Mozilla/5.0 (Windows NT 10.0; WOW64; rv:77.0) Gecko/20100101 Firefox/77.0,2020-04-12 04:27:00,2023-07-14 10:17:00
Firefox,Mozilla/5.0 (X11; Linux ppc64le; rv:75.0) Gecko/20100101 Firefox/75.0,2020-04-13 09:34:00,2025-09-11 02:36:00
Firefox,Mozilla/5.0 (Windows NT 6.1; WOW64; rv:39.0) Gecko/20100101 Firefox/75.0,2020-04-14 05:52:00,2025-10-27 06:09:00
Firefox,Mozilla/5.0 (Macintosh; U; Intel Mac OS X 10.10; rv:75.0) Gecko/20100101 Firefox/75.0,2020-04-15 12:51:00,2023-10-26 03:41:00
Firefox,Mozilla/5.0 (X11; Linux; rv:74.0) Gecko/20100101 Firefox/74.0,2020-04-14 01:07:00,2024-08-20 09:45:00
Firefox,Mozilla/5.0 (Macintosh; Intel Mac OS X 10.13; rv:61.0) Gecko/20100101 Firefox/73.0,2020-04-12 06:21:00,2023-07-14 10:17:00
Firefox,Mozilla/5.0 (X11; OpenBSD i386; rv:72.0) Gecko/20100101 Firefox/72.0,2020-04-13 04:56:00,2024-08-11 09:03:00
Firefox,Mozilla/5.0 (Windows NT 6.3; WOW64; rv:71.0) Gecko/20100101 Firefox/71.0,2020-03-17 12:16:00,2023-03-06 01:55:00
Firefox,Mozilla/5.0 (Windows NT 6.1; WOW64; rv:70.0) Gecko/20191022 Firefox/70.0,2020-04-15 10:25:00,2025-04-25 02:44:00
Firefox,Mozilla/5.0 (Windows NT 6.1; WOW64; rv:70.0) Gecko/20190101 Firefox/70.0,2020-04-15 10:01:00,2021-02-04 11:58:00
Firefox,Mozilla/5.0 (Windows; U; Windows NT 9.1; en-US; rv:12.9.1.11) Gecko/20100821 Firefox/70,2020-04-13 05:44:00,2024-03-12 04:32:00
Firefox,Mozilla/5.0 (Windows NT 10.0; WOW64; rv:69.2.1) Gecko/20100101 Firefox/69.2,2020-04-15 10:34:00,2020-12-23 02:57:00
Firefox,Mozilla/5.0 (Windows NT 6.1; rv:68.7) Gecko/20100101 Firefox/68.7,2020-04-15 02:12:00,2024-02-29 07:52:00
Firefox,Mozilla/5.0 (X11; Linux x86_64; rv:54.0) Gecko/20100101 Firefox/64.0,2021-07-13 01:58:00,2023-11-20 12:24:00
Firefox,Mozilla/5.0 (X11; Linux i686; rv:64.0) Gecko/20100101 Firefox/64.0,2018-10-30 04:00:00,2023-11-20 12:20:00
Firefox,Mozilla/5.0 (Windows NT 6.1; WOW64; rv:64.0) Gecko/20100101 Firefox/64.0,2018-11-01 05:20:00,2024-10-28 08:37:00
Firefox,Mozilla/5.0 (X11; Linux i586; rv:63.0) Gecko/20100101 Firefox/63.0,2018-11-01 11:39:00,2024-03-04 09:32:00
Firefox,Mozilla/5.0 (Windows NT 6.2; WOW64; rv:63.0) Gecko/20100101 Firefox/63.0,2018-10-28 07:36:00,2023-02-14 02:22:00
Firefox,Mozilla/5.0 (Macintosh; U; Intel Mac OS X 10.10; rv:62.0) Gecko/20100101 Firefox/62.0,2018-10-30 10:38:00,2021-12-02 05:07:00
Firefox,Mozilla/5.0 (Macintosh; Intel Mac OS X 10.14; rv:10.0) Gecko/20100101 Firefox/62.0,2018-11-01 04:26:00,2023-11-23 05:42:00
Firefox,Mozilla/5.0 (Macintosh; U; Intel Mac OS X 10.13; ko; rv:1.9.1b2) Gecko/20081201 Firefox/60.0,2018-10-30 10:15:00,2024-08-28 07:13:00
Firefox,"Mozilla/5.0 (Windows NT 10.0; Win64; x64) AppleWebKit/537.36 (KHTML, like Gecko) Firefox/58.0.1",2018-10-29 09:05:00,2024-11-29 10:39:00
Firefox,Mozilla/5.0 (Macintosh; Intel Mac OS X 10_13_1; rv:58.0.1) Gecko/20100101 Firefox/58.0.1,2025-03-07 06:03:00,2025-03-07 06:03:00
Firefox,Mozilla/5.0 (Windows NT 6.1; WOW64; rv:54.0) Gecko/20100101 Firefox/58.0,2018-10-30 03:39:00,2025-12-25 10:09:00
Firefox,Mozilla/5.0 (Windows NT 5.0; Windows NT 5.1; Windows NT 6.0; Windows NT 6.1; Linux; es-VE; rv:52.9.0) Gecko/20100101 Firefox/52.9.0,2020-04-12 03:13:00,2022-04-11 07:24:00
Firefox,Mozilla/5.0 (Windows NT 6.3; WOW64; rv:52.59.12) Gecko/20160044 Firefox/52.59.12,2018-10-29 12:12:00,2024-03-11 08:44:00
Firefox,Mozilla/5.0 (X11; Ubuntu i686; rv:52.0) Gecko/20100101 Firefox/52.0,2020-04-15 09:29:00,2024-03-11 08:45:00
Firefox,Mozilla/5.0 (X11;  Ubuntu; Linux i686; rv:52.0) Gecko/20100101 Firefox/52.0,2020-04-15 09:33:00,2022-04-11 07:45:00
Firefox,Mozilla/5.0 (X11; U; Linux i686; en-US; rv:1.9a1) Gecko/20060814 Firefox/51.0,2018-10-30 05:42:00,2024-12-23 08:10:00
Firefox,Mozilla/5.0 (Macintosh; U; Intel Mac OS X 10.10; rv:62.0) Gecko/20100101 Firefox/49.0,2020-04-12 11:09:00,2021-01-27 08:15:00
Firefox,Mozilla/5.0 (Windows NT 6.1; WOW64; rv:46.0) Gecko/20120121 Firefox/46.0,2018-10-30 06:29:00,2024-05-02 11:22:00
Firefox,Mozilla/5.0 (Windows NT 10.0; WOW64; rv:45.66.18) Gecko/20177177 Firefox/45.66.18,2018-10-28 03:37:00,2022-11-03 08:40:00
Firefox,Mozilla/5.0 (Windows NT 9.2; Win64; x64; rv:43.43.2) Gecko/20100101 Firefox/43.43.2,2022-04-22 05:22:00,2022-04-22 03:22:00
Firefox,Mozilla/5.0 (Windows NT 6.1; WOW64; rv:40.0) Gecko/20100101 Firefox/40.1,2015-09-06 08:17:00,2026-01-01 03:18:00
Firefox,Mozilla/5.0 (Windows NT 6.3; rv:36.0) Gecko/20100101 Firefox/36.0,2014-11-23 07:54:00,2025-10-22 02:13:00
Firefox,Mozilla/5.0 (Windows ME 4.9; rv:35.0) Gecko/20100101 Firefox/35.0,2020-04-14 11:58:00,2023-04-29 02:03:00
Firefox,Mozilla/5.0 (Macintosh; Intel Mac OS X 10_10; rv:33.0) Gecko/20100101 Firefox/33.0,2014-11-22 01:43:00,2025-11-04 03:54:00
Firefox,Mozilla/5.0 (Windows ME 4.9; rv:31.0) Gecko/20100101 Firefox/31.7,2020-04-15 10:15:00,2021-04-29 04:15:00
Firefox,Mozilla/5.0 (X11; Linux i586; rv:31.0) Gecko/20100101 Firefox/31.0,2014-11-22 10:57:00,2025-10-23 09:30:00
Firefox,Mozilla/5.0 (Windows NT 6.1; WOW64; rv:31.0) Gecko/20130401 Firefox/31.0,2014-11-22 03:09:00,2025-10-14 05:15:00
Firefox,Mozilla/5.0 (Windows NT 6.1; Win64; x64; rv:28.0) Gecko/20100101 Firefox/31.0,2018-11-01 12:37:00,2023-02-01 04:45:00
Firefox,Mozilla/5.0 (Windows NT 5.1; rv:31.0) Gecko/20100101 Firefox/31.0,2014-04-18 08:59:00,2025-09-12 01:45:00
Firefox,Mozilla/5.0 (Windows NT 6.1; WOW64; rv:29.0) Gecko/20120101 Firefox/29.0,2014-04-20 10:04:00,2025-12-05 03:27:00
Firefox,Mozilla/5.0 (Windows NT 6.1; Win64; x64; rv:25.0) Gecko/20100101 Firefox/29.0,2014-04-18 05:51:00,2025-11-27 04:58:00
Firefox,Mozilla/5.0 (X11; Ubuntu; 8160 ; Linux i686; rv:28.0) Gecko/20100101 Firefox/28.0,2022-04-22 03:38:00,2022-04-22 01:38:00
Firefox,Mozilla/5.0 (X11; Ubuntu; 7162 ; Linux i686; rv:28.0) Gecko/20100101 Firefox/28.0,2022-04-21 10:25:00,2022-04-21 08:25:00
Firefox,Mozilla/5.0 (X11; OpenBSD amd64; rv:28.0) Gecko/20100101 Firefox/28.0,2014-04-20 12:00:00,2025-04-24 10:44:00
Firefox,Mozilla/5.0 (X11; Linux x86_64; rv:28.0) Gecko/20100101  Firefox/28.0,2014-04-20 12:42:00,2023-08-28 03:30:00
Firefox,Mozilla/5.0 (Windows NT 6.1; rv:27.3) Gecko/20130101 Firefox/27.3,2014-04-19 09:04:00,2024-07-28 07:29:00
Firefox,Mozilla/5.0 (Windows NT 6.2; Win64; x64; rv:27.0) Gecko/20121011 Firefox/27.0,2014-04-18 06:15:00,2024-07-01 03:15:00
Firefox,Mozilla/5.0 (Windows NT 6.2; rv:20.0) Gecko/20121202 Firefox/26.0,2018-10-31 07:05:00,2024-03-04 02:58:00
Firefox,Mozilla/5.0 (Windows NT 6.1; Win64; x64; rv:25.0) Gecko/20100101 Firefox/25.0,2013-08-27 03:00:00,2025-02-24 01:23:00
Firefox,Mozilla/5.0 (Macintosh; Intel Mac OS X 10.6; rv:25.0) Gecko/20100101 Firefox/25.0,2013-08-26 08:42:00,2026-01-07 04:56:00
Firefox,Mozilla/5.0 (X11; Ubuntu; Linux x86_64; rv:24.0) Gecko/20100101 Firefox/24.0,2013-08-15 10:53:00,2023-08-28 03:31:00
Firefox,Mozilla/5.0 (Windows NT 6.0; WOW64; rv:24.0) Gecko/20100101 Firefox/24.0,2013-08-27 02:00:00,2025-05-07 04:30:00
Firefox,Mozilla/5.0 (Macintosh; Intel Mac OS X 10.8; rv:24.0) Gecko/20100101 Firefox/24.0,2013-05-20 10:55:00,2025-12-22 07:13:00
Firefox,Mozilla/5.0 (Windows NT 6.2; rv:22.0) Gecko/20130405 Firefox/23.0,2013-08-27 10:15:00,2024-01-02 10:21:00
Firefox,Mozilla/5.0 (Windows NT 6.1; WOW64; rv:23.0) Gecko/20130406 Firefox/23.0,2013-04-08 07:57:00,2022-11-13 10:57:00
Firefox,Mozilla/5.0 (Windows NT 6.1; Win64; x64; rv:23.0) Gecko/20131011 Firefox/23.0,2013-04-07 08:51:00,2023-11-14 07:00:00
Firefox,Mozilla/5.0 (Windows NT 6.2; rv:22.0) Gecko/20130405 Firefox/22.0,2013-08-27 10:11:00,2025-09-06 08:44:00
Firefox,Mozilla/5.0 (Windows NT 6.1; Win64; x64; rv:22.0) Gecko/20130328 Firefox/22.0,2013-04-07 10:03:00,2025-10-09 01:25:00
Firefox,Mozilla/5.0 (Windows NT 6.1; rv:22.0) Gecko/20130405 Firefox/22.0,2013-04-07 02:44:00,2025-06-08 12:17:00
Firefox,Mozilla/5.0 (Microsoft Windows NT 6.2.9200.0); rv:22.0) Gecko/20130405 Firefox/22.0,2015-09-27 06:41:00,2023-09-07 05:47:00
Firefox,Mozilla/5.0 (Windows NT 6.2; Win64; x64; rv:16.0.1) Gecko/20121011 Firefox/21.0.1,2013-04-07 01:47:00,2023-12-04 03:27:00
Firefox,Mozilla/5.0 (Windows NT 6.1; Win64; x64; rv:16.0.1) Gecko/20121011 Firefox/21.0.1,2013-04-26 12:45:00,2023-10-09 02:49:00
Firefox,Mozilla/5.0 (Windows NT 6.2; Win64; x64; rv:21.0.0) Gecko/20121011 Firefox/21.0.0,2013-08-26 12:51:00,2024-01-04 08:23:00
Firefox,Mozilla/5.0 (X11; Ubuntu; Linux x86_64; rv:21.0) Gecko/20130331 Firefox/21.0,2013-03-31 07:33:00,2025-05-08 03:08:00
Firefox,Mozilla/5.0 (X11; Ubuntu; Linux x86_64; rv:21.0) Gecko/20100101 Firefox/21.0,2013-04-05 01:17:00,2025-10-23 11:33:00
Firefox,Mozilla/5.0 (X11; Linux i686; rv:21.0) Gecko/20100101 Firefox/21.0,2013-04-26 04:57:00,2025-05-04 07:32:00
Edge,"Mozilla/5.0 (Windows NT 10.0) AppleWebKit/537.36 (KHTML, like Gecko) Edge/79.0.1451.30 Safari/537.36",2025-04-25 11:37:00,2025-12-24 11:42:00
Edge,"Mozilla/5.0 (Windows NT 10.0) AppleWebKit/537.36 (KHTML, like Gecko) Edge/72.0.2685.132 Safari/537.36",2025-04-25 11:51:00,2025-04-25 11:51:00
Edge,"Mozilla/5.0 (Windows NT 10.0; Win64; x64) AppleWebKit/537.36 (KHTML, like Gecko) Chrome/70.0.3538.102 Safari/537.36 Edge/18.19582",2020-04-02 11:11:00,2025-12-03 11:55:00
Edge,"Mozilla/5.0 (Windows NT 10.0; Win64; x64) AppleWebKit/537.36 (KHTML, like Gecko) Chrome/70.0.3538.102 Safari/537.36 Edge/18.19577",2020-04-02 12:23:00,2025-10-12 07:37:00
Edge,"Mozilla/5.0 (Windows NT 10.0; Win64; x64) AppleWebKit/537.36 (KHTML, like Gecko) Chrome/89.0.4105.89 Safari/537.36 Edge/18.18362",2025-03-04 05:23:00,2025-10-17 06:45:00
Edge,"Mozilla/5.0 (Windows NT 10.0; Win64; x64) AppleWebKit/537.36 (KHTML, like Gecko) Chrome/85.0.3466.47 Safari/537.36 Edge/18.18362",2025-03-03 06:10:00,2025-03-03 06:10:00
Edge,"Mozilla/5.0 (Windows NT 10.0; Win64; x64) AppleWebKit/537.36 (KHTML, like Gecko) Chrome/65.0.2568.67 Safari/537.36 Edge/18.18362",2025-03-01 08:51:00,2025-03-01 08:51:00
Edge,"Mozilla/5.0 (Windows NT 10.0; Win64; x64) AppleWebKit/537.36 (KHTML, like Gecko) Chrome/63.0.3768.145 Safari/537.36 Edge/18.18362",2025-03-01 03:21:00,2025-03-01 03:21:00
Edge,"Mozilla/5.0 (Windows NT 10.0; Win64; x64) AppleWebKit/537.36 (KHTML, like Gecko) Chrome/59.0.2576.84 Safari/537.36 Edge/18.18362",2025-03-05 07:49:00,2025-08-28 05:41:00
Edge,"Mozilla/5.0 (Windows NT 10.0; Win64; x64) AppleWebKit/537.36 (KHTML, like Gecko) Chrome/58.0.4068.126 Safari/537.36 Edge/18.18362",2025-03-02 07:42:00,2025-10-02 07:45:00
Edge,"Mozilla/5.0 (Windows NT 10.0; Win64; x64) AppleWebKit/537.36 (KHTML, like Gecko) Chrome/55.0.4447.112 Safari/537.36 Edge/18.18362",2026-01-07 12:57:00,2026-01-07 12:57:00
Edge,"Mozilla/5.0 (Windows NT 10.0; Win64; x64) AppleWebKit/537.36 (KHTML, like Gecko) Chrome/52.0.4486.146 Safari/537.36 Edge/18.18362",2026-01-09 09:26:00,2026-01-09 09:26:00
Edge,"Mozilla/5.0 (Windows NT 10.0; Win64; x64) AppleWebKit/537.36 (KHTML, like Gecko) Chrome/64.0.3282.140 Safari/537.36 Edge/18.17720",2022-03-11 08:49:00,2025-10-03 07:02:00
Edge,"Mozilla/5.0 (Windows NT 10.0) AppleWebKit/537.36 (KHTML, like Gecko) Chrome/86.0.8810.3391 Safari/537.36 Edge/18.14383",2022-03-11 07:17:00,2025-11-13 03:14:00
Edge,"Mozilla/5.0 (X11) AppleWebKit/62.41 (KHTML, like Gecko) Edge/17.10859 Safari/452.6",2020-03-25 08:01:00,2023-12-17 11:57:00
Edge,Mozilla/5.0 (Windows NT 10.0; Win64; x64) AppleWebKit/537.36 (KHTML like Gecko) Chrome/51.0.2704.79 Safari/537.36 Edge/14.14931,2018-10-24 07:36:00,2024-03-02 12:00:00
Edge,Chrome (AppleWebKit/537.1; Chrome50.0; Windows NT 6.3) AppleWebKit/537.36 (KHTML like Gecko) Chrome/51.0.2704.79 Safari/537.36 Edge/14.14393,2018-10-24 01:30:00,2024-08-28 07:13:00
Edge,Mozilla/5.0 (Windows NT 6.2; WOW64) AppleWebKit/537.36 (KHTML like Gecko) Chrome/46.0.2486.0 Safari/537.36 Edge/13.9200,2018-10-24 01:49:00,2025-08-27 05:41:00
Edge,Mozilla/5.0 (Windows NT 10.0; Win64; x64) AppleWebKit/537.36 (KHTML like Gecko) Chrome/46.0.2486.0 Safari/537.36 Edge/13.10586,2018-10-24 01:47:00,2025-10-22 02:20:00
Edge,"Mozilla/5.0 (Windows NT 10.0; Microsoft Windows 10.0.10586) AppleWebKit/537.36 (KHTML, like Gecko) Chrome/49.0.2623.112 Safari/537.36 Edge/12.10586",2025-03-01 10:20:00,2025-03-01 10:20:00
Edge,"Mozilla/5.0 (Linux; Android 12; Moto Edge 20) AppleWebKit/537.36 (KHTML, like Gecko) Chrome/125.0.0.0 Mobile Safari/537.36",2025-03-04 04:28:00,2025-09-17 05:38:00
Opera,Opera/9.80 (X11; Linux i686; Ubuntu/14.10) Presto/2.12.388 Version/12.16.2,2020-03-08 03:51:00,2025-12-17 05:07:00
Opera,Opera/9.80 (X11; Linux i686; Ubuntu/14.10) Presto/2.12.388 Version/12.16,2014-11-23 04:57:00,2025-11-19 09:30:00
Opera,Opera/9.80 (Macintosh; Intel Mac OS X 10.14.1) Presto/2.12.388 Version/12.16,2018-11-01 10:29:00,2025-07-05 04:18:00
Opera,Opera/9.80 (Windows NT 6.0) Presto/2.12.388 Version/12.14,2013-02-12 09:29:00,2025-11-25 07:20:00
Opera,Mozilla/5.0 (Windows NT 6.0; rv:2.0) Gecko/20100101 Firefox/4.0 Opera 12.14,2013-02-12 09:25:00,2025-11-24 06:06:00
Opera,Mozilla/5.0 (compatible; MSIE 9.0; Windows NT 6.0) Opera 12.14,2013-02-12 09:28:00,2025-10-02 03:42:00
Opera,Opera/12.80 (Windows NT 5.1; U; en) Presto/2.10.289 Version/12.02,2012-09-12 03:28:00,2024-03-04 09:32:00
Opera,Opera/9.80 (Windows NT 6.1; U; es-ES) Presto/2.9.181 Version/12.00,2011-07-18 02:19:00,2025-09-17 10:34:00
Opera,Opera/9.80 (Windows NT 5.1; U; zh-sg) Presto/2.9.181 Version/12.00,2012-07-17 10:46:00,2025-08-12 06:26:00
Opera,Opera/12.0(Windows NT 5.2;U;en)Presto/22.9.168 Version/12.00,2012-07-29 06:12:00,2025-11-28 06:06:00
Opera,Opera/12.0(Windows NT 5.1;U;en)Presto/22.9.168 Version/12.00,2012-07-26 04:05:00,2020-12-23 02:58:00
Opera,Mozilla/5.0 (Windows NT 5.1) Gecko/20100101 Firefox/14.0 Opera/12.0,2012-10-02 12:06:00,2025-04-22 02:50:00
Opera,Opera/9.80 (Windows NT 6.1; WOW64; U; pt) Presto/2.10.229 Version/11.62,2012-04-28 10:04:00,2025-07-10 07:33:00
Opera,Opera/9.80 (Windows NT 6.0; U; pl) Presto/2.10.229 Version/11.62,2012-04-03 11:38:00,2025-09-02 10:17:00
Opera,Opera/9.80 (Macintosh; Intel Mac OS X 10.6.8; U; fr) Presto/2.9.168 Version/11.52,2011-11-01 06:55:00,2025-05-05 01:43:00
Opera,Opera/9.80 (Macintosh; Intel Mac OS X 10.6.8; U; de) Presto/2.9.168 Version/11.52,2011-11-04 02:08:00,2025-08-22 08:17:00
Opera,Opera/9.80 (Windows NT 5.1; U; en) Presto/2.9.168 Version/11.51,2011-08-28 05:58:00,2025-12-31 05:41:00
Opera,Mozilla/5.0 (compatible; MSIE 9.0; Windows NT 6.1; de) Opera 11.51,2011-09-25 10:38:00,2025-07-24 12:18:00
Opera,Opera/9.80 (X11; Linux x86_64; U; fr) Presto/2.9.168 Version/11.50,2011-07-18 12:10:00,2025-06-29 12:24:00
Opera,Opera/9.80 (X11; Linux i686; U; hu) Presto/2.9.168 Version/11.50,2011-08-27 05:09:00,2025-07-05 04:19:00
Opera,Opera/9.80 (X11; Linux i686; U; ru) Presto/2.8.131 Version/11.11,2011-06-15 11:16:00,2020-12-23 02:42:00
Opera,Opera/9.80 (X11; Linux i686; U; es-ES) Presto/2.8.131 Version/11.11,2011-06-13 04:46:00,2024-03-24 01:43:00
Opera,Mozilla/5.0 (Windows NT 5.1; U; en; rv:1.8.1) Gecko/20061208 Firefox/5.0 Opera 11.11,2011-06-22 04:25:00,2024-08-13 01:45:00
Opera,Opera/9.80 (X11; Linux x86_64; U; bg) Presto/2.8.131 Version/11.10,2011-07-10 02:41:00,2024-05-27 12:36:00
Opera,Opera/9.80 (Windows NT 6.0; U; en) Presto/2.8.99 Version/11.10,2011-02-19 10:59:00,2025-06-28 08:28:00
Opera,Opera/9.80 (Windows NT 5.1; U; zh-tw) Presto/2.8.131 Version/11.10,2011-04-14 03:50:00,2025-06-28 08:28:00
Opera,Opera/9.80 (Windows NT 6.1; Opera Tablet/15165; U; en) Presto/2.8.149 Version/11.1,2011-06-16 10:09:00,2025-01-24 05:40:00
Opera,Opera/9.80 (X11; Linux x86_64; U; Ubuntu/10.10 (maverick); pl) Presto/2.7.62 Version/11.01,2011-01-28 07:24:00,2023-09-09 10:31:00
Opera,Opera/9.80 (X11; Linux i686; U; ja) Presto/2.7.62 Version/11.01,2011-02-05 03:07:00,2024-02-10 02:08:00
Opera,Opera/9.80 (X11; Linux i686; U; fr) Presto/2.7.62 Version/11.01,2011-02-19 03:55:00,2025-09-29 08:50:00
Opera,Opera/9.80 (Windows NT 6.1; U; zh-tw) Presto/2.7.62 Version/11.01,2011-01-27 03:16:00,2025-06-30 08:15:00
Opera,Opera/9.80 (Windows NT 6.1; U; zh-cn) Presto/2.7.62 Version/11.01,2011-01-29 10:59:00,2023-09-15 10:37:00
Opera,Opera/9.80 (Windows NT 6.1; U; sv) Presto/2.7.62 Version/11.01,2011-01-29 06:00:00,2023-10-21 07:47:00
Opera,Opera/9.80 (Windows NT 6.1; U; en-US) Presto/2.7.62 Version/11.01,2011-01-31 05:24:00,2025-04-11 11:10:00
Opera,Opera/9.80 (Windows NT 6.1; U; cs) Presto/2.7.62 Version/11.01,2011-01-28 04:48:00,2023-08-28 03:31:00
Opera,Opera/9.80 (Windows NT 6.0; U; pl) Presto/2.7.62 Version/11.01,2011-02-03 04:51:00,2025-01-24 05:40:00
Opera,Opera/9.80 (Windows NT 5.2; U; ru) Presto/2.7.62 Version/11.01,2011-01-31 10:04:00,2023-06-07 07:54:00
Opera,Opera/9.80 (Windows NT 5.1; U;) Presto/2.7.62 Version/11.01,2011-01-27 03:17:00,2025-02-18 03:35:00
Opera,Opera/9.80 (Windows NT 5.1; U; cs) Presto/2.7.62 Version/11.01,2011-01-28 01:56:00,2022-11-12 02:54:00
Opera,Mozilla/5.0 (Windows; U; Windows NT 6.1; en-US; rv:1.9.2.13) Gecko/20101213 Opera/9.80 (Windows NT 6.1; U; zh-tw) Presto/2.7.62 Version/11.01,2011-02-04 04:15:00,2023-05-05 09:27:00
Opera,Mozilla/5.0 (Windows NT 6.1; U; nl; rv:1.9.1.6) Gecko/20091201 Firefox/3.5.6 Opera 11.01,2011-02-19 08:25:00,2024-08-30 03:33:00
Opera,Mozilla/5.0 (Windows NT 6.1; U; de; rv:1.9.1.6) Gecko/20091201 Firefox/3.5.6 Opera 11.01,2011-02-04 04:35:00,2021-12-02 01:25:00
Opera,Mozilla/4.0 (compatible; MSIE 8.0; Windows NT 6.1; de) Opera 11.01,2011-02-04 04:35:00,2023-09-15 10:37:00
Opera,Opera/9.80 (X11; Linux x86_64; U; pl) Presto/2.7.62 Version/11.00,2010-12-22 09:32:00,2025-11-07 12:40:00
Opera,Opera/9.80 (X11; Linux i686; U; it) Presto/2.7.62 Version/11.00,2011-01-14 04:00:00,2020-12-23 02:54:00
Opera,Opera/9.80 (Windows NT 6.1; U; zh-cn) Presto/2.6.37 Version/11.00,2010-12-03 03:29:00,2024-06-11 01:52:00
Opera,Opera/9.80 (Windows NT 6.1; U; pl) Presto/2.7.62 Version/11.00,2010-12-21 10:59:00,2024-12-20 12:59:00
Opera,Opera/9.80 (Windows NT 6.1; U; ko) Presto/2.7.62 Version/11.00,2011-01-23 10:43:00,2024-03-20 02:01:00
Opera,Opera/9.80 (Windows NT 6.1; U; fi) Presto/2.7.62 Version/11.00,2011-01-08 11:39:00,2020-12-23 02:57:00
Opera,Opera/9.80 (Windows NT 6.1; U; en-GB) Presto/2.7.62 Version/11.00,2010-12-18 10:36:00,2022-10-24 01:52:00
Opera,Opera/9.80 (Windows NT 6.1 x64; U; en) Presto/2.7.62 Version/11.00,2011-01-24 02:06:00,2020-12-04 09:43:00
Opera,Opera/9.80 (Windows NT 6.0; U; en) Presto/2.7.39 Version/11.00,2010-11-08 03:10:00,2023-02-07 04:08:00
Opera,Opera/9.80 (Windows NT 5.1; U; ru) Presto/2.7.39 Version/11.00,2010-12-21 12:04:00,2025-09-29 03:01:00
Opera,Opera/9.80 (Windows NT 5.1; U; MRA 5.5 (build 02842); ru) Presto/2.7.62 Version/11.00,2010-12-26 04:21:00,2022-10-10 03:07:00
Opera,Opera/9.80 (Windows NT 5.1; U; it) Presto/2.7.62 Version/11.00,2010-12-21 08:20:00,2022-11-11 04:13:00
Opera,Opera/9.12.(Windows NT 5.0; kk-KZ) Presto/2.9.166 Version/11.00,2025-02-28 07:22:00,2025-02-28 07:22:00
Opera,Mozilla/5.0 (Windows NT 6.0; U; ja; rv:1.9.1.6) Gecko/20091201 Firefox/3.5.6 Opera 11.00,2010-12-25 07:26:00,2025-12-21 07:30:00
Opera,Mozilla/5.0 (Windows NT 5.1; U; pl; rv:1.9.1.6) Gecko/20091201 Firefox/3.5.6 Opera 11.00,2011-01-03 03:53:00,2023-05-24 04:25:00
Opera,Mozilla/5.0 (Windows NT 5.1; U; de; rv:1.9.1.6) Gecko/20091201 Firefox/3.5.6 Opera 11.00,2011-01-14 03:48:00,2018-07-28 02:34:00
Opera,Mozilla/4.0 (compatible; MSIE 8.0; X11; Linux x86_64; pl) Opera 11.00,2010-12-22 12:32:00,2023-12-12 01:46:00
Opera,Mozilla/4.0 (compatible; MSIE 8.0; Windows NT 6.1; fr) Opera 11.00,2010-12-21 08:32:00,2025-06-09 06:38:00
Opera,Mozilla/4.0 (compatible; MSIE 8.0; Windows NT 6.0; ja) Opera 11.00,2010-12-25 07:26:00,2025-07-29 01:10:00
Opera,Mozilla/4.0 (compatible; MSIE 8.0; Windows NT 6.0; en) Opera 11.00,2010-12-21 12:24:00,2025-09-14 08:55:00
Opera,Opera/9.80 (Windows NT 6.1; U; pl) Presto/2.6.31 Version/10.70,2010-08-16 03:00:00,2023-07-26 05:30:00
Opera,Mozilla/5.0 (Windows NT 5.2; U; ru; rv:1.9.1.6) Gecko/20091201 Firefox/3.5.6 Opera 10.70,2010-08-19 04:26:00,2024-11-10 01:59:00
Opera,Mozilla/5.0 (Windows NT 5.1; U; zh-cn; rv:1.9.1.6) Gecko/20091201 Firefox/3.5.6 Opera 10.70,2010-08-21 05:59:00,2025-07-15 10:11:00
Opera,Opera/9.80 (Windows NT 5.2; U; zh-cn) Presto/2.6.30 Version/10.63,2010-12-22 10:09:00,2025-10-15 05:27:00
Opera,Opera/9.80 (Windows NT 5.2; U; en) Presto/2.6.30 Version/10.63,2010-12-21 10:37:00,2019-05-08 09:07:00
Opera,Opera/9.80 (Windows NT 5.1; U; MRA 5.6 (build 03278); ru) Presto/2.6.30 Version/10.63,2011-01-02 11:33:00,2023-09-13 09:08:00
Opera,Opera/9.80 (Windows NT 5.1; U; pl) Presto/2.6.30 Version/10.62,2010-09-03 11:39:00,2023-07-23 01:51:00
Opera,Mozilla/5.0 (X11; Linux x86_64; U; de; rv:1.9.1.6) Gecko/20091201 Firefox/3.5.6 Opera 10.62,2010-09-21 10:57:00,2020-04-05 01:00:00
Opera,Mozilla/4.0 (compatible; MSIE 8.0; X11; Linux x86_64; de) Opera 10.62,2010-09-21 10:57:00,2024-11-10 01:59:00
Opera,Mozilla/4.0 (compatible; MSIE 8.0; Windows NT 6.1; en) Opera 10.62,2010-10-11 05:16:00,2025-09-01 08:38:00
Opera,Opera/9.80 (X11; Linux i686; U; pl) Presto/2.6.30 Version/10.61,2010-08-16 02:02:00,2025-09-19 04:22:00
Opera,Opera/9.80 (X11; Linux i686; U; es-ES) Presto/2.6.30 Version/10.61,2010-09-03 01:08:00,2023-05-17 12:44:00
Opera,Opera/9.80 (Windows NT 6.1; U; zh-cn) Presto/2.6.30 Version/10.61,2010-08-21 11:38:00,2019-12-25 11:58:00
Opera,Opera/9.80 (Windows NT 6.1; U; en) Presto/2.6.30 Version/10.61,2010-07-31 03:47:00,2024-10-20 09:02:00
Opera,Opera/9.80 (Windows NT 6.0; U; it) Presto/2.6.30 Version/10.61,2010-12-18 08:39:00,2024-02-03 02:51:00
Opera,Opera/9.80 (Windows NT 5.2; U; ru) Presto/2.6.30 Version/10.61,2010-08-23 02:33:00,2024-12-19 07:03:00
Opera,Opera/9.80 (Windows 98; U; de) Presto/2.6.30 Version/10.61,2010-08-19 04:43:00,2024-07-24 05:31:00
Opera,Opera/9.80 (Macintosh; Intel Mac OS X; U; nl) Presto/2.6.30 Version/10.61,2010-08-16 02:07:00,2025-09-20 08:21:00
Opera,Opera/9.80 (X11; Linux i686; U; en) Presto/2.5.27 Version/10.60,2010-05-31 12:45:00,2024-03-30 02:37:00
Opera,Opera/9.80 (Windows NT 6.0; U; nl) Presto/2.6.30 Version/10.60,2010-08-02 03:28:00,2021-06-07 11:12:00
Opera,Opera/10.60 (Windows NT 5.1; U; zh-cn) Presto/2.6.30 Version/10.60,2010-06-29 08:19:00,2020-12-06 12:13:00
Opera,Opera/10.60 (Windows NT 5.1; U; en-US) Presto/2.6.30 Version/10.60,2010-07-13 12:57:00,2018-09-04 12:11:00
Opera,Opera/9.80 (X11; Linux i686; U; it) Presto/2.5.24 Version/10.54,2010-05-26 10:17:00,2019-03-17 04:45:00
Opera,Opera/9.80 (X11; Linux i686; U; en-GB) Presto/2.5.24 Version/10.53,2010-05-31 12:52:00,2024-04-09 09:42:00
Opera,Mozilla/5.0 (Windows NT 5.1; U; zh-cn; rv:1.9.1.6) Gecko/20091201 Firefox/3.5.6 Opera 10.53,2010-05-08 03:31:00,2025-09-23 05:17:00
Opera,Mozilla/5.0 (Windows NT 5.1; U; Firefox/5.0; en; rv:1.9.1.6) Gecko/20091201 Firefox/3.5.6 Opera 10.53,2010-05-26 10:59:00,2024-08-11 12:39:00
Opera,Mozilla/5.0 (Windows NT 5.1; U; Firefox/4.5; en; rv:1.9.1.6) Gecko/20091201 Firefox/3.5.6 Opera 10.53,2010-05-26 10:51:00,2024-10-24 06:57:00
Opera,Mozilla/5.0 (Windows NT 5.1; U; Firefox/3.5; en; rv:1.9.1.6) Gecko/20091201 Firefox/3.5.6 Opera 10.53,2010-05-26 10:59:00,2025-06-12 03:30:00
Opera,Mozilla/4.0 (compatible; MSIE 8.0; Windows NT 5.1; ko) Opera 10.53,2010-05-08 03:31:00,2022-11-20 04:18:00
Opera,Opera/9.80 (Windows NT 6.1; U; fr) Presto/2.5.24 Version/10.52,2010-04-06 01:57:00,2023-02-28 05:12:00
Opera,Opera/9.80 (Windows NT 6.1; U; en) Presto/2.5.22 Version/10.51,2010-03-13 12:30:00,2024-02-15 03:51:00
Opera,Opera/9.80 (Windows NT 6.0; U; cs) Presto/2.5.22 Version/10.51,2010-04-03 09:00:00,2019-12-12 08:42:00
Opera,Opera/9.80 (Windows NT 5.2; U; ru) Presto/2.5.22 Version/10.51,2010-04-02 05:46:00,2025-03-20 05:26:00
Opera,Opera/9.80 (Linux i686; U; en) Presto/2.5.22 Version/10.51,2010-03-13 08:10:00,2021-07-08 09:28:00
Opera,Mozilla/5.0 (Windows NT 6.1; U; en-GB; rv:1.9.1.6) Gecko/20091201 Firefox/3.5.6 Opera 10.51,2010-03-14 12:28:00,2025-08-29 10:53:00
Opera,Mozilla/5.0 (Linux i686; U; en; rv:1.9.1.6) Gecko/20091201 Firefox/3.5.6 Opera 10.51,2010-03-13 08:10:00,2023-12-08 05:07:00
Opera,Mozilla/4.0 (compatible; MSIE 8.0; Linux i686; en) Opera 10.51,2010-03-13 08:10:00,2024-09-09 04:37:00
